runNum,freq1,freq2,freq3,loc1,loc2,loc3,lf_cost,hf_cost,noise,test_angle,prob_word1,prob_word2,prob_word3
154,HF,LF,HF,0,0.5,1,2.5,1,0.2,0,0.9796640700198697,0.020332279111916228,0.0000036508682141110585
